<?xml version="1.0"?>
<metadata xml:lang="en"><Esri><CreaDate>20160725</CreaDate><CreaTime>10023800</CreaTime><ArcGISFormat>1.0</ArcGISFormat><ArcGISstyle>FGDC CSDGM Metadata</ArcGISstyle><SyncOnce>TRUE</SyncOnce><DataProperties><lineage><Process ToolSource="C:\ArcGIS\Desktop10.0\ArcToolbox\Toolboxes\Data Management Tools.tbx\CalculateField" Date="20120727" Time="091524">CalculateField DASC_STAFF.County_OrkaStatus HOSTED "DASC" VB #</Process><Process ToolSource="C:\ArcGIS\Desktop10.0\ArcToolbox\Toolboxes\Data Management Tools.tbx\CalculateField" Date="20120727" Time="091543">CalculateField DASC_STAFF.County_OrkaStatus HOSTED "Local" VB #</Process><Process ToolSource="C:\ArcGIS\Desktop10.0\ArcToolbox\Toolboxes\Data Management Tools.tbx\CalculateField" Date="20120727" Time="091559">CalculateField DASC_STAFF.County_OrkaStatus ORKA_STATUS "Map- Public" VB #</Process><Process ToolSource="C:\ArcGIS\Desktop10.0\ArcToolbox\Toolboxes\Data Management Tools.tbx\CalculateField" Date="20120727" Time="144537">CalculateField DASC_STAFF.County_OrkaStatus ORKA_STATUS "Map: Private" VB #</Process><Process ToolSource="C:\ArcGIS\Desktop10.0\ArcToolbox\Toolboxes\Data Management Tools.tbx\CalculateField" Date="20120727" Time="144554">CalculateField DASC_STAFF.County_OrkaStatus ORKA_STATUS "Map- Private" VB #</Process><Process ToolSource="C:\ArcGIS\Desktop10.0\ArcToolbox\Toolboxes\Data Management Tools.tbx\CalculateField" Date="20120730" Time="110118">CalculateField DASC_STAFF.County_OrkaStatus ORKA_STATUS "Map- Public" VB #</Process><Process ToolSource="C:\ArcGIS\Desktop10.0\ArcToolbox\Toolboxes\Data Management Tools.tbx\CalculateField" Date="20120801" Time="112840">CalculateField DASC_STAFF.County_OrkaStatus ORKA_STATUS "Map- Private" VB #</Process><Process ToolSource="C:\ArcGIS\Desktop10.0\ArcToolbox\Toolboxes\Data Management Tools.tbx\CalculateField" Date="20120810" Time="102348">CalculateField DASC_STAFF.County_OrkaStatus ORKA_STATUS "Map- Private" VB #</Process><Process ToolSource="C:\ArcGIS\Desktop10.0\ArcToolbox\Toolboxes\Data Management Tools.tbx\CalculateField" Date="20120905" Time="150254">CalculateField DASC_STAFF.County_OrkaStatus ORKA_LINK "http://www.dkcoksgis.org/MPOrka/" VB #</Process><Process ToolSource="C:\ArcGIS\Desktop10.0\ArcToolbox\Toolboxes\Data Management Tools.tbx\CalculateField" Date="20120913" Time="132422">CalculateField DASC_STAFF.County_OrkaStatus ORKA_STATUS "Map- Private" VB #</Process><Process ToolSource="C:\ArcGIS\Desktop10.0\ArcToolbox\Toolboxes\Data Management Tools.tbx\CalculateField" Date="20120913" Time="132453">CalculateField DASC_STAFF.County_OrkaStatus ORKA_LINK "http://jade.kgs.ku.edu/orka2?CO=SA" VB #</Process><Process ToolSource="C:\ArcGIS\Desktop10.0\ArcToolbox\Toolboxes\Data Management Tools.tbx\CalculateField" Date="20121023" Time="144731">CalculateField DASC_STAFF.County_OrkaStatus ORKA_STATUS "Map- Private" VB #</Process><Process ToolSource="C:\ArcGIS\Desktop10.0\ArcToolbox\Toolboxes\Data Management Tools.tbx\CalculateField" Date="20121113" Time="114013">CalculateField DASC_STAFF.County_OrkaStatus ORKA_STATUS "Map- Private" VB #</Process><Process ToolSource="C:\ArcGIS\Desktop10.0\ArcToolbox\Toolboxes\Data Management Tools.tbx\CalculateField" Date="20121113" Time="114958">CalculateField DASC_STAFF.County_OrkaStatus ORKA_STATUS "Map- Private" VB #</Process><Process ToolSource="C:\ArcGIS\Desktop10.0\ArcToolbox\Toolboxes\Data Management Tools.tbx\CalculateField" Date="20121129" Time="102309">CalculateField DASC_STAFF.County_OrkaStatus ORKA_STATUS "Map- Private" VB #</Process><Process ToolSource="c:\program files (x86)\arcgis\desktop10.3\ArcToolbox\Toolboxes\Data Management Tools.tbx\CalculateField" Date="20160725" Time="100252">CalculateField CountyCodes COUNTY UCase( [COUNTY] ) VB #</Process></lineage><itemProps><itemLocation><linkage Sync="TRUE">Server=chasm.kgs.ku.edu; Service=port:5150; User=DASC_STAFF; Version=SDE.DEFAULT</linkage><protocol Sync="TRUE">ArcSDE Connection</protocol></itemLocation></itemProps></DataProperties></Esri></metadata>
